event_id,event_name,event_type,city,venue_name,venue_capacity,event_date,launch_window_days,positioning_statement,genre_tags,language_context,ticket_price_low,ticket_price_mid,ticket_price_high,bundle_available,student_discount,premium_experience,social_posts_count,engagement_proxy,sellout_proxy,attendance_proxy,earned_media_count,partner_branding,notes,source_file,source_sheet,is_synthetic
comp_001,Hamilton Broadway Weekly Gross (2015-07-19),broadway,New York,Richard Rodgers Theatre,1156,2015-07-19,18,Premium modern-musical benchmark with broad cultural reach.,"['broadway', 'musical', 'crossover']",English,80.59,138.94,275.0,False,True,True,2920,1.2923,1.0028,9273,31,False,Imported from weekly Broadway gross worksheet.,Final presentation/Data Collection & Visualization.xlsx,Broadway Revenue,False
comp_002,Hamilton Broadway Weekly Gross (2015-07-26),broadway,New York,Richard Rodgers Theatre,1156,2015-07-26,25,Premium modern-musical benchmark with broad cultural reach.,"['broadway', 'musical', 'crossover']",English,81.32,140.21,275.0,False,True,True,3040,1.309,1.0047,9290,34,False,Imported from weekly Broadway gross worksheet.,Final presentation/Data Collection & Visualization.xlsx,Broadway Revenue,False
comp_003,Hamilton Broadway Weekly Gross (2015-08-02),broadway,New York,Richard Rodgers Theatre,1321,2015-08-02,32,Premium modern-musical benchmark with broad cultural reach.,"['broadway', 'musical', 'crossover']",English,81.43,140.39,275.0,False,True,True,3160,1.4983,1.0048,10619,37,False,Imported from weekly Broadway gross worksheet.,Final presentation/Data Collection & Visualization.xlsx,Broadway Revenue,False
comp_004,Hamilton Broadway Weekly Gross (2015-08-09),broadway,New York,Richard Rodgers Theatre,1321,2015-08-09,39,Premium modern-musical benchmark with broad cultural reach.,"['broadway', 'musical', 'crossover']",English,68.43,117.99,275.0,False,True,True,3280,1.2639,1.0066,10638,40,False,Imported from weekly Broadway gross worksheet.,Final presentation/Data Collection & Visualization.xlsx,Broadway Revenue,False
comp_005,Hamilton Broadway Weekly Gross (2015-08-16),broadway,New York,Richard Rodgers Theatre,1321,2015-08-16,46,Premium modern-musical benchmark with broad cultural reach.,"['broadway', 'musical', 'crossover']",English,79.06,136.31,275.0,False,True,True,3400,1.4783,1.0131,10706,43,True,Imported from weekly Broadway gross worksheet.,Final presentation/Data Collection & Visualization.xlsx,Broadway Revenue,False
comp_006,Hamilton Broadway Weekly Gross (2015-08-23),broadway,New York,Richard Rodgers Theatre,1321,2015-08-23,53,Premium modern-musical benchmark with broad cultural reach.,"['broadway', 'musical', 'crossover']",English,78.9,136.04,275.0,False,True,True,3520,1.4757,1.0132,10708,46,False,Imported from weekly Broadway gross worksheet.,Final presentation/Data Collection & Visualization.xlsx,Broadway Revenue,False
comp_007,Hamilton Broadway Weekly Gross (2015-08-30),broadway,New York,Richard Rodgers Theatre,1321,2015-08-30,60,Premium modern-musical benchmark with broad cultural reach.,"['broadway', 'musical', 'crossover']",English,83.88,144.62,275.0,False,True,True,3640,1.5691,1.0134,10710,49,False,Imported from weekly Broadway gross worksheet.,Final presentation/Data Collection & Visualization.xlsx,Broadway Revenue,False
comp_008,Hamilton Broadway Weekly Gross (2015-09-06),broadway,New York,Richard Rodgers Theatre,1321,2015-09-06,67,Premium modern-musical benchmark with broad cultural reach.,"['broadway', 'musical', 'crossover']",English,91.94,158.52,275.0,False,True,True,3760,1.7191,1.0131,10706,52,False,Imported from weekly Broadway gross worksheet.,Final presentation/Data Collection & Visualization.xlsx,Broadway Revenue,False
comp_009,Hamilton Broadway Weekly Gross (2015-09-13),broadway,New York,Richard Rodgers Theatre,1321,2015-09-13,74,Premium modern-musical benchmark with broad cultural reach.,"['broadway', 'musical', 'crossover']",English,84.63,145.91,275.0,False,True,True,3880,1.5819,1.0128,10703,28,False,Imported from weekly Broadway gross worksheet.,Final presentation/Data Collection & Visualization.xlsx,Broadway Revenue,False
comp_010,Hamilton Broadway Weekly Gross (2015-09-20),broadway,New York,Richard Rodgers Theatre,1321,2015-09-20,81,Premium modern-musical benchmark with broad cultural reach.,"['broadway', 'musical', 'crossover']",English,83.86,144.59,275.0,False,True,True,4000,1.5623,1.0114,10688,31,True,Imported from weekly Broadway gross worksheet.,Final presentation/Data Collection & Visualization.xlsx,Broadway Revenue,False
comp_011,Hamilton Broadway Weekly Gross (2015-09-27),broadway,New York,Richard Rodgers Theatre,1321,2015-09-27,88,Premium modern-musical benchmark with broad cultural reach.,"['broadway', 'musical', 'crossover']",English,84.87,146.33,275.0,False,True,True,4120,1.5894,1.0136,10712,34,False,Imported from weekly Broadway gross worksheet.,Final presentation/Data Collection & Visualization.xlsx,Broadway Revenue,False
comp_012,Hamilton Broadway Weekly Gross (2015-10-04),broadway,New York,Richard Rodgers Theatre,1321,2015-10-04,95,Premium modern-musical benchmark with broad cultural reach.,"['broadway', 'musical', 'crossover']",English,80.25,138.36,475.0,False,True,True,4240,1.5004,1.013,10705,37,False,Imported from weekly Broadway gross worksheet.,Final presentation/Data Collection & Visualization.xlsx,Broadway Revenue,False
comp_013,Hamilton Broadway Weekly Gross (2015-10-11),broadway,New York,Richard Rodgers Theatre,1321,2015-10-11,102,Premium modern-musical benchmark with broad cultural reach.,"['broadway', 'musical', 'crossover']",English,90.82,156.58,475.0,False,True,True,2800,1.7016,1.0141,10717,40,False,Imported from weekly Broadway gross worksheet.,Final presentation/Data Collection & Visualization.xlsx,Broadway Revenue,False
comp_014,Hamilton Broadway Weekly Gross (2015-10-18),broadway,New York,Richard Rodgers Theatre,1321,2015-10-18,109,Premium modern-musical benchmark with broad cultural reach.,"['broadway', 'musical', 'crossover']",English,80.01,137.94,475.0,False,True,True,2920,1.4996,1.0145,10721,43,False,Imported from weekly Broadway gross worksheet.,Final presentation/Data Collection & Visualization.xlsx,Broadway Revenue,False
comp_015,Hamilton Broadway Weekly Gross (2015-10-25),broadway,New York,Richard Rodgers Theatre,1321,2015-10-25,116,Premium modern-musical benchmark with broad cultural reach.,"['broadway', 'musical', 'crossover']",English,80.67,139.08,475.0,False,True,True,3040,1.5086,1.0132,10708,46,True,Imported from weekly Broadway gross worksheet.,Final presentation/Data Collection & Visualization.xlsx,Broadway Revenue,False
comp_016,Hamilton Broadway Weekly Gross (2015-11-01),broadway,New York,Richard Rodgers Theatre,1321,2015-11-01,123,Premium modern-musical benchmark with broad cultural reach.,"['broadway', 'musical', 'crossover']",English,86.25,148.71,475.0,False,True,True,3160,1.619,1.015,10726,49,False,Imported from weekly Broadway gross worksheet.,Final presentation/Data Collection & Visualization.xlsx,Broadway Revenue,False
comp_017,Hamilton Broadway Weekly Gross (2015-11-08),broadway,New York,Richard Rodgers Theatre,1486,2015-11-08,130,Premium modern-musical benchmark with broad cultural reach.,"['broadway', 'musical', 'crossover']",English,85.3,147.07,475.0,False,True,True,3280,1.7971,1.0135,12050,52,False,Imported from weekly Broadway gross worksheet.,Final presentation/Data Collection & Visualization.xlsx,Broadway Revenue,False
comp_018,Hamilton Broadway Weekly Gross (2015-11-15),broadway,New York,Richard Rodgers Theatre,1321,2015-11-15,137,Premium modern-musical benchmark with broad cultural reach.,"['broadway', 'musical', 'crossover']",English,86.22,148.66,475.0,False,True,True,3400,1.6219,1.0161,10738,28,False,Imported from weekly Broadway gross worksheet.,Final presentation/Data Collection & Visualization.xlsx,Broadway Revenue,False
comp_019,Hamilton Broadway Weekly Gross (2015-11-22),broadway,New York,Richard Rodgers Theatre,1321,2015-11-22,144,Premium modern-musical benchmark with broad cultural reach.,"['broadway', 'musical', 'crossover']",English,78.38,135.14,475.0,False,True,True,3520,1.474,1.0158,10735,31,False,Imported from weekly Broadway gross worksheet.,Final presentation/Data Collection & Visualization.xlsx,Broadway Revenue,False
comp_020,Hamilton Broadway Weekly Gross (2015-11-29),broadway,New York,Richard Rodgers Theatre,1321,2015-11-29,151,Premium modern-musical benchmark with broad cultural reach.,"['broadway', 'musical', 'crossover']",English,99.05,170.77,475.0,False,True,True,3640,1.8632,1.0162,10739,34,True,Imported from weekly Broadway gross worksheet.,Final presentation/Data Collection & Visualization.xlsx,Broadway Revenue,False
comp_021,Hamilton Broadway Weekly Gross (2015-12-06),broadway,New York,Richard Rodgers Theatre,1321,2015-12-06,158,Premium modern-musical benchmark with broad cultural reach.,"['broadway', 'musical', 'crossover']",English,87.21,150.36,475.0,False,True,True,3760,1.6395,1.0155,10732,37,False,Imported from weekly Broadway gross worksheet.,Final presentation/Data Collection & Visualization.xlsx,Broadway Revenue,False
comp_022,Hamilton Broadway Weekly Gross (2015-12-13),broadway,New York,Richard Rodgers Theatre,1321,2015-12-13,165,Premium modern-musical benchmark with broad cultural reach.,"['broadway', 'musical', 'crossover']",English,88.65,152.85,475.0,False,True,True,3880,1.6642,1.015,10727,40,False,Imported from weekly Broadway gross worksheet.,Final presentation/Data Collection & Visualization.xlsx,Broadway Revenue,False
comp_023,Hamilton Broadway Weekly Gross (2015-12-20),broadway,New York,Richard Rodgers Theatre,1321,2015-12-20,172,Premium modern-musical benchmark with broad cultural reach.,"['broadway', 'musical', 'crossover']",English,89.67,154.6,475.0,False,True,True,4000,1.6835,1.0151,10728,43,False,Imported from weekly Broadway gross worksheet.,Final presentation/Data Collection & Visualization.xlsx,Broadway Revenue,False
comp_024,Hamilton Broadway Weekly Gross (2015-12-27),broadway,New York,Richard Rodgers Theatre,1321,2015-12-27,179,Premium modern-musical benchmark with broad cultural reach.,"['broadway', 'musical', 'crossover']",English,99.56,171.66,475.0,False,True,True,4120,1.8762,1.0169,10747,46,False,Imported from weekly Broadway gross worksheet.,Final presentation/Data Collection & Visualization.xlsx,Broadway Revenue,False
comp_025,Hamilton Broadway Weekly Gross (2016-01-03),broadway,New York,Richard Rodgers Theatre,1321,2016-01-03,186,Premium modern-musical benchmark with broad cultural reach.,"['broadway', 'musical', 'crossover']",English,105.79,182.39,475.0,False,True,True,4240,1.9931,1.0167,10745,49,True,Imported from weekly Broadway gross worksheet.,Final presentation/Data Collection & Visualization.xlsx,Broadway Revenue,False
comp_026,Hamilton Broadway Weekly Gross (2016-01-10),broadway,New York,Richard Rodgers Theatre,1321,2016-01-10,193,Premium modern-musical benchmark with broad cultural reach.,"['broadway', 'musical', 'crossover']",English,92.35,159.23,475.0,False,True,True,2800,1.7436,1.0179,10757,52,False,Imported from weekly Broadway gross worksheet.,Final presentation/Data Collection & Visualization.xlsx,Broadway Revenue,False
comp_027,Hamilton Broadway Weekly Gross (2016-01-17),broadway,New York,Richard Rodgers Theatre,1321,2016-01-17,200,Premium modern-musical benchmark with broad cultural reach.,"['broadway', 'musical', 'crossover']",English,95.44,164.55,475.0,False,True,True,2920,1.8012,1.0175,10753,28,False,Imported from weekly Broadway gross worksheet.,Final presentation/Data Collection & Visualization.xlsx,Broadway Revenue,False
comp_028,Hamilton Broadway Weekly Gross (2016-01-24),broadway,New York,Richard Rodgers Theatre,991,2016-01-24,207,Premium modern-musical benchmark with broad cultural reach.,"['broadway', 'musical', 'crossover']",English,93.87,161.84,475.0,False,True,True,3040,1.327,1.0172,8062,31,False,Imported from weekly Broadway gross worksheet.,Final presentation/Data Collection & Visualization.xlsx,Broadway Revenue,False
comp_029,Hamilton Broadway Weekly Gross (2016-01-31),broadway,New York,Richard Rodgers Theatre,1321,2016-01-31,214,Premium modern-musical benchmark with broad cultural reach.,"['broadway', 'musical', 'crossover']",English,93.5,161.21,475.0,False,True,True,3160,1.7621,1.017,10748,34,False,Imported from weekly Broadway gross worksheet.,Final presentation/Data Collection & Visualization.xlsx,Broadway Revenue,False
comp_030,Hamilton Broadway Weekly Gross (2016-02-07),broadway,New York,Richard Rodgers Theatre,1321,2016-02-07,221,Premium modern-musical benchmark with broad cultural reach.,"['broadway', 'musical', 'crossover']",English,95.59,164.81,475.0,False,True,True,3280,1.8012,1.0168,10746,37,True,Imported from weekly Broadway gross worksheet.,Final presentation/Data Collection & Visualization.xlsx,Broadway Revenue,False
comp_031,Hamilton Broadway Weekly Gross (2016-02-14),broadway,New York,Richard Rodgers Theatre,1321,2016-02-14,228,Premium modern-musical benchmark with broad cultural reach.,"['broadway', 'musical', 'crossover']",English,96.68,166.69,475.0,False,True,True,3400,1.8226,1.0173,10751,40,False,Imported from weekly Broadway gross worksheet.,Final presentation/Data Collection & Visualization.xlsx,Broadway Revenue,False
comp_032,Hamilton Broadway Weekly Gross (2016-02-21),broadway,New York,Richard Rodgers Theatre,1321,2016-02-21,235,Premium modern-musical benchmark with broad cultural reach.,"['broadway', 'musical', 'crossover']",English,94.42,162.79,475.0,False,True,True,3520,1.7824,1.0178,10756,43,False,Imported from weekly Broadway gross worksheet.,Final presentation/Data Collection & Visualization.xlsx,Broadway Revenue,False
comp_033,Hamilton Broadway Weekly Gross (2016-02-28),broadway,New York,Richard Rodgers Theatre,1321,2016-02-28,242,Premium modern-musical benchmark with broad cultural reach.,"['broadway', 'musical', 'crossover']",English,94.64,163.17,475.0,False,True,True,3640,1.7866,1.0178,10756,46,False,Imported from weekly Broadway gross worksheet.,Final presentation/Data Collection & Visualization.xlsx,Broadway Revenue,False
comp_034,Hamilton Broadway Weekly Gross (2016-03-06),broadway,New York,Richard Rodgers Theatre,1321,2016-03-06,249,Premium modern-musical benchmark with broad cultural reach.,"['broadway', 'musical', 'crossover']",English,95.28,164.28,475.0,False,True,True,3760,1.7962,1.0173,10751,49,False,Imported from weekly Broadway gross worksheet.,Final presentation/Data Collection & Visualization.xlsx,Broadway Revenue,False
comp_035,Hamilton Broadway Weekly Gross (2016-03-13),broadway,New York,Richard Rodgers Theatre,1321,2016-03-13,256,Premium modern-musical benchmark with broad cultural reach.,"['broadway', 'musical', 'crossover']",English,94.83,163.5,475.0,False,True,True,3880,1.7902,1.0178,10756,52,True,Imported from weekly Broadway gross worksheet.,Final presentation/Data Collection & Visualization.xlsx,Broadway Revenue,False
comp_036,Hamilton Broadway Weekly Gross (2016-03-20),broadway,New York,Richard Rodgers Theatre,1321,2016-03-20,263,Premium modern-musical benchmark with broad cultural reach.,"['broadway', 'musical', 'crossover']",English,93.86,161.82,475.0,False,True,True,4000,1.7714,1.0175,10753,28,False,Imported from weekly Broadway gross worksheet.,Final presentation/Data Collection & Visualization.xlsx,Broadway Revenue,False
comp_037,Hamilton Broadway Weekly Gross (2016-03-27),broadway,New York,Richard Rodgers Theatre,1321,2016-03-27,270,Premium modern-musical benchmark with broad cultural reach.,"['broadway', 'musical', 'crossover']",English,92.74,159.89,475.0,False,True,True,4120,1.7505,1.0177,10755,31,False,Imported from weekly Broadway gross worksheet.,Final presentation/Data Collection & Visualization.xlsx,Broadway Revenue,False
comp_038,Hamilton Broadway Weekly Gross (2016-04-03),broadway,New York,Richard Rodgers Theatre,1321,2016-04-03,277,Premium modern-musical benchmark with broad cultural reach.,"['broadway', 'musical', 'crossover']",English,98.32,169.51,475.0,False,True,True,4240,1.8536,1.0174,10752,34,False,Imported from weekly Broadway gross worksheet.,Final presentation/Data Collection & Visualization.xlsx,Broadway Revenue,False
comp_039,Hamilton Broadway Weekly Gross (2016-04-10),broadway,New York,Richard Rodgers Theatre,1321,2016-04-10,284,Premium modern-musical benchmark with broad cultural reach.,"['broadway', 'musical', 'crossover']",English,97.82,168.65,475.0,False,True,True,2800,1.8463,1.0176,10754,37,False,Imported from weekly Broadway gross worksheet.,Final presentation/Data Collection & Visualization.xlsx,Broadway Revenue,False
comp_040,Hamilton Broadway Weekly Gross (2016-04-17),broadway,New York,Richard Rodgers Theatre,1321,2016-04-17,291,Premium modern-musical benchmark with broad cultural reach.,"['broadway', 'musical', 'crossover']",English,90.72,156.41,475.0,False,True,True,2920,1.7055,1.0155,10732,40,True,Imported from weekly Broadway gross worksheet.,Final presentation/Data Collection & Visualization.xlsx,Broadway Revenue,False
comp_041,Hamilton Broadway Weekly Gross (2016-04-24),broadway,New York,Richard Rodgers Theatre,1321,2016-04-24,298,Premium modern-musical benchmark with broad cultural reach.,"['broadway', 'musical', 'crossover']",English,97.79,168.61,475.0,False,True,True,3040,1.8457,1.0175,10753,43,False,Imported from weekly Broadway gross worksheet.,Final presentation/Data Collection & Visualization.xlsx,Broadway Revenue,False
comp_042,Hamilton Broadway Weekly Gross (2016-05-01),broadway,New York,Richard Rodgers Theatre,1321,2016-05-01,305,Premium modern-musical benchmark with broad cultural reach.,"['broadway', 'musical', 'crossover']",English,98.09,169.12,475.0,False,True,True,3160,1.8515,1.0176,10754,46,False,Imported from weekly Broadway gross worksheet.,Final presentation/Data Collection & Visualization.xlsx,Broadway Revenue,False
comp_043,Hamilton Broadway Weekly Gross (2016-05-08),broadway,New York,Richard Rodgers Theatre,1321,2016-05-08,312,Premium modern-musical benchmark with broad cultural reach.,"['broadway', 'musical', 'crossover']",English,98.88,170.49,475.0,False,True,True,3280,1.8665,1.0176,10754,49,False,Imported from weekly Broadway gross worksheet.,Final presentation/Data Collection & Visualization.xlsx,Broadway Revenue,False
comp_044,Hamilton Broadway Weekly Gross (2016-05-15),broadway,New York,Richard Rodgers Theatre,1321,2016-05-15,319,Premium modern-musical benchmark with broad cultural reach.,"['broadway', 'musical', 'crossover']",English,91.09,157.06,475.0,False,True,True,3400,1.7131,1.0159,10736,52,False,Imported from weekly Broadway gross worksheet.,Final presentation/Data Collection & Visualization.xlsx,Broadway Revenue,False
comp_045,Hamilton Broadway Weekly Gross (2016-05-22),broadway,New York,Richard Rodgers Theatre,1321,2016-05-22,326,Premium modern-musical benchmark with broad cultural reach.,"['broadway', 'musical', 'crossover']",English,95.17,164.09,475.0,False,True,True,3520,1.7966,1.0177,10755,28,True,Imported from weekly Broadway gross worksheet.,Final presentation/Data Collection & Visualization.xlsx,Broadway Revenue,False
comp_046,Hamilton Broadway Weekly Gross (2016-05-29),broadway,New York,Richard Rodgers Theatre,1321,2016-05-29,333,Premium modern-musical benchmark with broad cultural reach.,"['broadway', 'musical', 'crossover']",English,103.46,178.38,475.0,False,True,True,3640,1.9505,1.0174,10752,31,False,Imported from weekly Broadway gross worksheet.,Final presentation/Data Collection & Visualization.xlsx,Broadway Revenue,False
comp_047,Hamilton Broadway Weekly Gross (2016-06-05),broadway,New York,Richard Rodgers Theatre,1321,2016-06-05,340,Premium modern-musical benchmark with broad cultural reach.,"['broadway', 'musical', 'crossover']",English,100.03,172.46,475.0,False,True,True,3760,1.8884,1.0178,10756,34,False,Imported from weekly Broadway gross worksheet.,Final presentation/Data Collection & Visualization.xlsx,Broadway Revenue,False
comp_048,Hamilton Broadway Weekly Gross (2016-06-12),broadway,New York,Richard Rodgers Theatre,1321,2016-06-12,347,Premium modern-musical benchmark with broad cultural reach.,"['broadway', 'musical', 'crossover']",English,109.39,188.6,475.0,False,True,True,3880,2.0647,1.0176,10754,37,False,Imported from weekly Broadway gross worksheet.,Final presentation/Data Collection & Visualization.xlsx,Broadway Revenue,False
comp_049,Hamilton Broadway Weekly Gross (2016-06-19),broadway,New York,Richard Rodgers Theatre,1321,2016-06-19,354,Premium modern-musical benchmark with broad cultural reach.,"['broadway', 'musical', 'crossover']",English,109.34,188.51,475.0,False,True,True,4000,2.0613,1.0174,10752,40,False,Imported from weekly Broadway gross worksheet.,Final presentation/Data Collection & Visualization.xlsx,Broadway Revenue,False
comp_050,Hamilton Broadway Weekly Gross (2016-06-26),broadway,New York,Richard Rodgers Theatre,1321,2016-06-26,361,Premium modern-musical benchmark with broad cultural reach.,"['broadway', 'musical', 'crossover']",English,108.48,187.03,475.0,False,True,True,4120,2.0393,1.0155,10732,43,True,Imported from weekly Broadway gross worksheet.,Final presentation/Data Collection & Visualization.xlsx,Broadway Revenue,False
comp_051,Hamilton Broadway Weekly Gross (2016-07-03),broadway,New York,Richard Rodgers Theatre,1321,2016-07-03,368,Premium modern-musical benchmark with broad cultural reach.,"['broadway', 'musical', 'crossover']",English,109.25,188.36,475.0,False,True,True,4240,2.0552,1.0162,10739,46,False,Imported from weekly Broadway gross worksheet.,Final presentation/Data Collection & Visualization.xlsx,Broadway Revenue,False
comp_052,Hamilton Broadway Weekly Gross (2016-07-10),broadway,New York,Richard Rodgers Theatre,1321,2016-07-10,375,Premium modern-musical benchmark with broad cultural reach.,"['broadway', 'musical', 'crossover']",English,110.75,190.95,475.0,False,True,True,2800,2.0902,1.0175,10753,49,False,Imported from weekly Broadway gross worksheet.,Final presentation/Data Collection & Visualization.xlsx,Broadway Revenue,False
comp_053,Hamilton Broadway Weekly Gross (2016-07-17),broadway,New York,Richard Rodgers Theatre,1486,2016-07-17,382,Premium modern-musical benchmark with broad cultural reach.,"['broadway', 'musical', 'crossover']",English,109.82,189.35,475.0,False,True,True,2920,2.3142,1.0138,12053,52,False,Imported from weekly Broadway gross worksheet.,Final presentation/Data Collection & Visualization.xlsx,Broadway Revenue,False
comp_054,Hamilton Broadway Weekly Gross (2016-07-24),broadway,New York,Richard Rodgers Theatre,1321,2016-07-24,389,Premium modern-musical benchmark with broad cultural reach.,"['broadway', 'musical', 'crossover']",English,110.39,190.32,475.0,False,True,True,3040,2.0836,1.0176,10754,28,False,Imported from weekly Broadway gross worksheet.,Final presentation/Data Collection & Visualization.xlsx,Broadway Revenue,False
comp_055,Hamilton Broadway Weekly Gross (2016-07-31),broadway,New York,Richard Rodgers Theatre,1321,2016-07-31,396,Premium modern-musical benchmark with broad cultural reach.,"['broadway', 'musical', 'crossover']",English,110.11,189.85,475.0,False,True,True,3160,2.0786,1.0177,10755,31,True,Imported from weekly Broadway gross worksheet.,Final presentation/Data Collection & Visualization.xlsx,Broadway Revenue,False
comp_056,Hamilton Broadway Weekly Gross (2016-08-07),broadway,New York,Richard Rodgers Theatre,1321,2016-08-07,403,Premium modern-musical benchmark with broad cultural reach.,"['broadway', 'musical', 'crossover']",English,111.24,191.79,475.0,False,True,True,3280,2.1,1.0178,10756,34,False,Imported from weekly Broadway gross worksheet.,Final presentation/Data Collection & Visualization.xlsx,Broadway Revenue,False
comp_057,Hamilton Broadway Weekly Gross (2016-08-14),broadway,New York,Richard Rodgers Theatre,1321,2016-08-14,410,Premium modern-musical benchmark with broad cultural reach.,"['broadway', 'musical', 'crossover']",English,110.28,190.14,475.0,False,True,True,3400,2.0819,1.0178,10756,37,False,Imported from weekly Broadway gross worksheet.,Final presentation/Data Collection & Visualization.xlsx,Broadway Revenue,False
comp_058,Hamilton Broadway Weekly Gross (2016-08-21),broadway,New York,Richard Rodgers Theatre,1321,2016-08-21,417,Premium modern-musical benchmark with broad cultural reach.,"['broadway', 'musical', 'crossover']",English,111.4,192.07,475.0,False,True,True,3520,2.1026,1.0175,10753,40,False,Imported from weekly Broadway gross worksheet.,Final presentation/Data Collection & Visualization.xlsx,Broadway Revenue,False
comp_059,Hamilton Broadway Weekly Gross (2016-08-28),broadway,New York,Richard Rodgers Theatre,1321,2016-08-28,424,Premium modern-musical benchmark with broad cultural reach.,"['broadway', 'musical', 'crossover']",English,110.79,191.02,475.0,False,True,True,3640,2.091,1.0175,10753,43,False,Imported from weekly Broadway gross worksheet.,Final presentation/Data Collection & Visualization.xlsx,Broadway Revenue,False
comp_060,Hamilton Broadway Weekly Gross (2016-09-04),broadway,New York,Richard Rodgers Theatre,1321,2016-09-04,431,Premium modern-musical benchmark with broad cultural reach.,"['broadway', 'musical', 'crossover']",English,112.84,194.55,475.0,False,True,True,3760,2.1274,1.0174,10752,46,True,Imported from weekly Broadway gross worksheet.,Final presentation/Data Collection & Visualization.xlsx,Broadway Revenue,False
comp_061,Hamilton Broadway Weekly Gross (2016-09-11),broadway,New York,Richard Rodgers Theatre,1321,2016-09-11,438,Premium modern-musical benchmark with broad cultural reach.,"['broadway', 'musical', 'crossover']",English,115.98,199.97,475.0,False,True,True,3880,2.1889,1.0175,10753,49,False,Imported from weekly Broadway gross worksheet.,Final presentation/Data Collection & Visualization.xlsx,Broadway Revenue,False
comp_062,Hamilton Broadway Weekly Gross (2016-09-18),broadway,New York,Richard Rodgers Theatre,1321,2016-09-18,445,Premium modern-musical benchmark with broad cultural reach.,"['broadway', 'musical', 'crossover']",English,116.43,200.75,475.0,False,True,True,4000,2.1979,1.0177,10755,52,False,Imported from weekly Broadway gross worksheet.,Final presentation/Data Collection & Visualization.xlsx,Broadway Revenue,False
comp_063,Hamilton Broadway Weekly Gross (2016-09-25),broadway,New York,Richard Rodgers Theatre,1486,2016-09-25,452,Premium modern-musical benchmark with broad cultural reach.,"['broadway', 'musical', 'crossover']",English,115.97,199.95,549.0,False,True,True,4120,2.463,1.0177,12100,28,False,Imported from weekly Broadway gross worksheet.,Final presentation/Data Collection & Visualization.xlsx,Broadway Revenue,False
comp_064,Hamilton Broadway Weekly Gross (2016-10-02),broadway,New York,Richard Rodgers Theatre,1321,2016-10-02,459,Premium modern-musical benchmark with broad cultural reach.,"['broadway', 'musical', 'crossover']",English,117.29,202.23,549.0,False,True,True,4240,2.2139,1.0176,10754,31,False,Imported from weekly Broadway gross worksheet.,Final presentation/Data Collection & Visualization.xlsx,Broadway Revenue,False
comp_065,Hamilton Broadway Weekly Gross (2016-10-09),broadway,New York,Richard Rodgers Theatre,1321,2016-10-09,466,Premium modern-musical benchmark with broad cultural reach.,"['broadway', 'musical', 'crossover']",English,119.4,205.87,549.0,False,True,True,2800,2.254,1.0177,10755,34,True,Imported from weekly Broadway gross worksheet.,Final presentation/Data Collection & Visualization.xlsx,Broadway Revenue,False
comp_066,Hamilton Broadway Weekly Gross (2016-10-16),broadway,New York,Richard Rodgers Theatre,1321,2016-10-16,473,Premium modern-musical benchmark with broad cultural reach.,"['broadway', 'musical', 'crossover']",English,116.7,201.21,549.0,False,True,True,2920,2.2028,1.0176,10754,37,False,Imported from weekly Broadway gross worksheet.,Final presentation/Data Collection & Visualization.xlsx,Broadway Revenue,False
comp_067,Hamilton Broadway Weekly Gross (2016-10-23),broadway,New York,Richard Rodgers Theatre,1321,2016-10-23,480,Premium modern-musical benchmark with broad cultural reach.,"['broadway', 'musical', 'crossover']",English,107.71,185.7,549.0,False,True,True,3040,2.025,1.0156,10733,40,False,Imported from weekly Broadway gross worksheet.,Final presentation/Data Collection & Visualization.xlsx,Broadway Revenue,False
comp_068,Hamilton Broadway Weekly Gross (2016-10-30),broadway,New York,Richard Rodgers Theatre,1321,2016-10-30,487,Premium modern-musical benchmark with broad cultural reach.,"['broadway', 'musical', 'crossover']",English,119.5,206.03,549.0,False,True,True,3160,2.2555,1.0176,10754,43,False,Imported from weekly Broadway gross worksheet.,Final presentation/Data Collection & Visualization.xlsx,Broadway Revenue,False
comp_069,Hamilton Broadway Weekly Gross (2016-11-06),broadway,New York,Richard Rodgers Theatre,1321,2016-11-06,494,Premium modern-musical benchmark with broad cultural reach.,"['broadway', 'musical', 'crossover']",English,120.38,207.56,549.0,False,True,True,3280,2.2632,1.0155,10732,46,False,Imported from weekly Broadway gross worksheet.,Final presentation/Data Collection & Visualization.xlsx,Broadway Revenue,False
comp_070,Hamilton Broadway Weekly Gross (2016-11-13),broadway,New York,Richard Rodgers Theatre,1321,2016-11-13,501,Premium modern-musical benchmark with broad cultural reach.,"['broadway', 'musical', 'crossover']",English,132.26,228.04,549.0,False,True,True,3400,2.4969,1.0178,10756,49,True,Imported from weekly Broadway gross worksheet.,Final presentation/Data Collection & Visualization.xlsx,Broadway Revenue,False
comp_071,Hamilton Broadway Weekly Gross (2016-11-20),broadway,New York,Richard Rodgers Theatre,1321,2016-11-20,508,Premium modern-musical benchmark with broad cultural reach.,"['broadway', 'musical', 'crossover']",English,132.41,228.3,549.0,False,True,True,3520,2.4964,1.0174,10752,52,False,Imported from weekly Broadway gross worksheet.,Final presentation/Data Collection & Visualization.xlsx,Broadway Revenue,False
comp_072,Hamilton Broadway Weekly Gross (2016-11-27),broadway,New York,Richard Rodgers Theatre,1321,2016-11-27,515,Premium modern-musical benchmark with broad cultural reach.,"['broadway', 'musical', 'crossover']",English,175.86,303.21,998.0,False,True,True,3640,3.3155,1.0174,10752,28,False,Imported from weekly Broadway gross worksheet.,Final presentation/Data Collection & Visualization.xlsx,Broadway Revenue,False
comp_073,Hamilton Broadway Weekly Gross (2016-12-04),broadway,New York,Richard Rodgers Theatre,1321,2016-12-04,522,Premium modern-musical benchmark with broad cultural reach.,"['broadway', 'musical', 'crossover']",English,120.69,208.09,549.0,False,True,True,3760,2.269,1.0155,10732,31,False,Imported from weekly Broadway gross worksheet.,Final presentation/Data Collection & Visualization.xlsx,Broadway Revenue,False
comp_074,Hamilton Broadway Weekly Gross (2016-12-11),broadway,New York,Richard Rodgers Theatre,1321,2016-12-11,529,Premium modern-musical benchmark with broad cultural reach.,"['broadway', 'musical', 'crossover']",English,131.79,227.23,549.0,False,True,True,3880,2.4874,1.0175,10753,34,False,Imported from weekly Broadway gross worksheet.,Final presentation/Data Collection & Visualization.xlsx,Broadway Revenue,False
comp_075,Hamilton Broadway Weekly Gross (2016-12-18),broadway,New York,Richard Rodgers Theatre,1321,2016-12-18,536,Premium modern-musical benchmark with broad cultural reach.,"['broadway', 'musical', 'crossover']",English,121.02,208.65,549.0,False,True,True,4000,2.2763,1.0161,10738,37,True,Imported from weekly Broadway gross worksheet.,Final presentation/Data Collection & Visualization.xlsx,Broadway Revenue,False
comp_076,Hamilton Broadway Weekly Gross (2016-12-25),broadway,New York,Richard Rodgers Theatre,1321,2016-12-25,543,Premium modern-musical benchmark with broad cultural reach.,"['broadway', 'musical', 'crossover']",English,178.15,307.16,998.0,False,True,True,4120,3.363,1.0177,10755,40,False,Imported from weekly Broadway gross worksheet.,Final presentation/Data Collection & Visualization.xlsx,Broadway Revenue,False
comp_077,Hamilton Broadway Weekly Gross (2017-01-01),broadway,New York,Richard Rodgers Theatre,1321,2017-01-01,550,Premium modern-musical benchmark with broad cultural reach.,"['broadway', 'musical', 'crossover']",English,179.88,310.13,998.0,False,True,True,4240,3.3955,1.0177,10755,43,False,Imported from weekly Broadway gross worksheet.,Final presentation/Data Collection & Visualization.xlsx,Broadway Revenue,False
comp_078,Hamilton Broadway Weekly Gross (2017-01-08),broadway,New York,Richard Rodgers Theatre,1321,2017-01-08,557,Premium modern-musical benchmark with broad cultural reach.,"['broadway', 'musical', 'crossover']",English,132.49,228.43,549.0,False,True,True,2800,2.5007,1.0176,10754,46,False,Imported from weekly Broadway gross worksheet.,Final presentation/Data Collection & Visualization.xlsx,Broadway Revenue,False
comp_079,Hamilton Broadway Weekly Gross (2017-01-15),broadway,New York,Richard Rodgers Theatre,1321,2017-01-15,564,Premium modern-musical benchmark with broad cultural reach.,"['broadway', 'musical', 'crossover']",English,132.18,227.9,549.0,False,True,True,2920,2.4954,1.0178,10756,49,False,Imported from weekly Broadway gross worksheet.,Final presentation/Data Collection & Visualization.xlsx,Broadway Revenue,False
comp_080,Hamilton Broadway Weekly Gross (2017-01-22),broadway,New York,Richard Rodgers Theatre,1321,2017-01-22,571,Premium modern-musical benchmark with broad cultural reach.,"['broadway', 'musical', 'crossover']",English,132.23,227.98,549.0,False,True,True,3040,2.4959,1.0176,10754,52,True,Imported from weekly Broadway gross worksheet.,Final presentation/Data Collection & Visualization.xlsx,Broadway Revenue,False
comp_081,Hamilton Broadway Weekly Gross (2017-01-29),broadway,New York,Richard Rodgers Theatre,1321,2017-01-29,578,Premium modern-musical benchmark with broad cultural reach.,"['broadway', 'musical', 'crossover']",English,132.92,229.17,549.0,False,True,True,3160,2.5097,1.018,10758,28,False,Imported from weekly Broadway gross worksheet.,Final presentation/Data Collection & Visualization.xlsx,Broadway Revenue,False
comp_082,Hamilton Broadway Weekly Gross (2017-02-05),broadway,New York,Richard Rodgers Theatre,1321,2017-02-05,585,Premium modern-musical benchmark with broad cultural reach.,"['broadway', 'musical', 'crossover']",English,173.37,298.92,849.0,False,True,True,3280,3.2728,1.0177,10755,31,False,Imported from weekly Broadway gross worksheet.,Final presentation/Data Collection & Visualization.xlsx,Broadway Revenue,False
comp_083,Hamilton Broadway Weekly Gross (2017-02-12),broadway,New York,Richard Rodgers Theatre,1321,2017-02-12,592,Premium modern-musical benchmark with broad cultural reach.,"['broadway', 'musical', 'crossover']",English,156.91,270.54,849.0,False,True,True,3400,2.9502,1.0156,10733,34,False,Imported from weekly Broadway gross worksheet.,Final presentation/Data Collection & Visualization.xlsx,Broadway Revenue,False
comp_084,Hamilton Broadway Weekly Gross (2017-02-19),broadway,New York,Richard Rodgers Theatre,1321,2017-02-19,599,Premium modern-musical benchmark with broad cultural reach.,"['broadway', 'musical', 'crossover']",English,154.92,267.1,849.0,False,True,True,3520,2.9127,1.0156,10733,37,False,Imported from weekly Broadway gross worksheet.,Final presentation/Data Collection & Visualization.xlsx,Broadway Revenue,False
comp_085,Hamilton Broadway Weekly Gross (2017-02-26),broadway,New York,Richard Rodgers Theatre,1321,2017-02-26,606,Premium modern-musical benchmark with broad cultural reach.,"['broadway', 'musical', 'crossover']",English,168.99,291.37,849.0,False,True,True,3640,3.1898,1.0176,10754,40,True,Imported from weekly Broadway gross worksheet.,Final presentation/Data Collection & Visualization.xlsx,Broadway Revenue,False
comp_086,Hamilton Broadway Weekly Gross (2017-03-05),broadway,New York,Richard Rodgers Theatre,1321,2017-03-05,613,Premium modern-musical benchmark with broad cultural reach.,"['broadway', 'musical', 'crossover']",English,153.18,264.1,849.0,False,True,True,3760,2.8805,1.0158,10735,43,False,Imported from weekly Broadway gross worksheet.,Final presentation/Data Collection & Visualization.xlsx,Broadway Revenue,False
comp_087,Hamilton Broadway Weekly Gross (2017-03-12),broadway,New York,Richard Rodgers Theatre,1321,2017-03-12,620,Premium modern-musical benchmark with broad cultural reach.,"['broadway', 'musical', 'crossover']",English,169.64,292.48,849.0,False,True,True,3880,3.2023,1.0177,10755,46,False,Imported from weekly Broadway gross worksheet.,Final presentation/Data Collection & Visualization.xlsx,Broadway Revenue,False
comp_088,Hamilton Broadway Weekly Gross (2017-03-19),broadway,New York,Richard Rodgers Theatre,1321,2017-03-19,627,Premium modern-musical benchmark with broad cultural reach.,"['broadway', 'musical', 'crossover']",English,154.8,266.89,849.0,False,True,True,4000,2.9112,1.0159,10736,49,False,Imported from weekly Broadway gross worksheet.,Final presentation/Data Collection & Visualization.xlsx,Broadway Revenue,False
comp_089,Hamilton Broadway Weekly Gross (2017-03-26),broadway,New York,Richard Rodgers Theatre,1321,2017-03-26,634,Premium modern-musical benchmark with broad cultural reach.,"['broadway', 'musical', 'crossover']",English,166.96,287.86,849.0,False,True,True,4120,3.1514,1.0176,10754,52,False,Imported from weekly Broadway gross worksheet.,Final presentation/Data Collection & Visualization.xlsx,Broadway Revenue,False
comp_090,Hamilton Broadway Weekly Gross (2017-04-02),broadway,New York,Richard Rodgers Theatre,1321,2017-04-02,641,Premium modern-musical benchmark with broad cultural reach.,"['broadway', 'musical', 'crossover']",English,152.06,262.17,849.0,False,True,True,4240,2.8597,1.0159,10736,28,True,Imported from weekly Broadway gross worksheet.,Final presentation/Data Collection & Visualization.xlsx,Broadway Revenue,False
comp_091,Hamilton Broadway Weekly Gross (2017-04-09),broadway,New York,Richard Rodgers Theatre,1321,2017-04-09,648,Premium modern-musical benchmark with broad cultural reach.,"['broadway', 'musical', 'crossover']",English,160.65,276.99,849.0,False,True,True,2800,3.0324,1.0176,10754,31,False,Imported from weekly Broadway gross worksheet.,Final presentation/Data Collection & Visualization.xlsx,Broadway Revenue,False
comp_092,Hamilton Broadway Weekly Gross (2017-04-16),broadway,New York,Richard Rodgers Theatre,1321,2017-04-16,655,Premium modern-musical benchmark with broad cultural reach.,"['broadway', 'musical', 'crossover']",English,168.17,289.94,849.0,False,True,True,2920,3.1738,1.0175,10753,34,False,Imported from weekly Broadway gross worksheet.,Final presentation/Data Collection & Visualization.xlsx,Broadway Revenue,False
comp_093,Hamilton Broadway Weekly Gross (2017-04-23),broadway,New York,Richard Rodgers Theatre,1321,2017-04-23,662,Premium modern-musical benchmark with broad cultural reach.,"['broadway', 'musical', 'crossover']",English,168.82,291.07,849.0,False,True,True,3040,3.1865,1.0176,10754,37,False,Imported from weekly Broadway gross worksheet.,Final presentation/Data Collection & Visualization.xlsx,Broadway Revenue,False
comp_094,Hamilton Broadway Weekly Gross (2017-04-30),broadway,New York,Richard Rodgers Theatre,1321,2017-04-30,669,Premium modern-musical benchmark with broad cultural reach.,"['broadway', 'musical', 'crossover']",English,150.56,259.59,849.0,False,True,True,3160,2.8315,1.0159,10736,40,False,Imported from weekly Broadway gross worksheet.,Final presentation/Data Collection & Visualization.xlsx,Broadway Revenue,False
comp_095,Hamilton Broadway Weekly Gross (2017-05-07),broadway,New York,Richard Rodgers Theatre,1321,2017-05-07,676,Premium modern-musical benchmark with broad cultural reach.,"['broadway', 'musical', 'crossover']",English,169.44,292.14,849.0,False,True,True,3280,3.1982,1.0176,10754,43,True,Imported from weekly Broadway gross worksheet.,Final presentation/Data Collection & Visualization.xlsx,Broadway Revenue,False
comp_096,Hamilton Broadway Weekly Gross (2017-05-14),broadway,New York,Richard Rodgers Theatre,1321,2017-05-14,683,Premium modern-musical benchmark with broad cultural reach.,"['broadway', 'musical', 'crossover']",English,152.55,263.01,849.0,False,True,True,3400,2.8684,1.0157,10734,46,False,Imported from weekly Broadway gross worksheet.,Final presentation/Data Collection & Visualization.xlsx,Broadway Revenue,False
comp_097,Hamilton Broadway Weekly Gross (2017-05-21),broadway,New York,Richard Rodgers Theatre,1321,2017-05-21,690,Premium modern-musical benchmark with broad cultural reach.,"['broadway', 'musical', 'crossover']",English,168.99,291.36,849.0,False,True,True,3520,3.19,1.0177,10755,49,False,Imported from weekly Broadway gross worksheet.,Final presentation/Data Collection & Visualization.xlsx,Broadway Revenue,False
comp_098,Hamilton Broadway Weekly Gross (2017-05-28),broadway,New York,Richard Rodgers Theatre,1321,2017-05-28,697,Premium modern-musical benchmark with broad cultural reach.,"['broadway', 'musical', 'crossover']",English,149.09,257.05,849.0,False,True,True,3640,2.8039,1.0159,10736,52,False,Imported from weekly Broadway gross worksheet.,Final presentation/Data Collection & Visualization.xlsx,Broadway Revenue,False
comp_099,Hamilton Broadway Weekly Gross (2017-06-04),broadway,New York,Richard Rodgers Theatre,1321,2017-06-04,704,Premium modern-musical benchmark with broad cultural reach.,"['broadway', 'musical', 'crossover']",English,164.76,284.07,849.0,False,True,True,3760,3.1099,1.0176,10754,28,False,Imported from weekly Broadway gross worksheet.,Final presentation/Data Collection & Visualization.xlsx,Broadway Revenue,False
comp_100,Hamilton Broadway Weekly Gross (2017-06-11),broadway,New York,Richard Rodgers Theatre,1321,2017-06-11,711,Premium modern-musical benchmark with broad cultural reach.,"['broadway', 'musical', 'crossover']",English,148.14,255.42,849.0,False,True,True,3880,2.7859,1.0158,10735,31,True,Imported from weekly Broadway gross worksheet.,Final presentation/Data Collection & Visualization.xlsx,Broadway Revenue,False
comp_101,Hamilton Broadway Weekly Gross (2017-06-18),broadway,New York,Richard Rodgers Theatre,1321,2017-06-18,718,Premium modern-musical benchmark with broad cultural reach.,"['broadway', 'musical', 'crossover']",English,163.91,282.61,849.0,False,True,True,4000,3.0936,1.0175,10753,34,False,Imported from weekly Broadway gross worksheet.,Final presentation/Data Collection & Visualization.xlsx,Broadway Revenue,False
comp_102,Hamilton Broadway Weekly Gross (2017-06-25),broadway,New York,Richard Rodgers Theatre,1321,2017-06-25,725,Premium modern-musical benchmark with broad cultural reach.,"['broadway', 'musical', 'crossover']",English,164.12,282.96,849.0,False,True,True,4120,3.098,1.0177,10755,37,False,Imported from weekly Broadway gross worksheet.,Final presentation/Data Collection & Visualization.xlsx,Broadway Revenue,False
comp_103,Hamilton Broadway Weekly Gross (2017-07-02),broadway,New York,Richard Rodgers Theatre,1321,2017-07-02,732,Premium modern-musical benchmark with broad cultural reach.,"['broadway', 'musical', 'crossover']",English,164.72,284.0,849.0,False,True,True,4240,3.1088,1.0175,10753,40,False,Imported from weekly Broadway gross worksheet.,Final presentation/Data Collection & Visualization.xlsx,Broadway Revenue,False
comp_104,Hamilton Broadway Weekly Gross (2017-07-09),broadway,New York,Richard Rodgers Theatre,1321,2017-07-09,739,Premium modern-musical benchmark with broad cultural reach.,"['broadway', 'musical', 'crossover']",English,165.07,284.61,849.0,False,True,True,2800,3.1161,1.0177,10755,43,False,Imported from weekly Broadway gross worksheet.,Final presentation/Data Collection & Visualization.xlsx,Broadway Revenue,False
comp_105,Hamilton Broadway Weekly Gross (2017-07-16),broadway,New York,Richard Rodgers Theatre,1321,2017-07-16,746,Premium modern-musical benchmark with broad cultural reach.,"['broadway', 'musical', 'crossover']",English,162.86,280.79,849.0,False,True,True,2920,3.0743,1.0177,10755,46,True,Imported from weekly Broadway gross worksheet.,Final presentation/Data Collection & Visualization.xlsx,Broadway Revenue,False
comp_106,Hamilton Broadway Weekly Gross (2017-07-23),broadway,New York,Richard Rodgers Theatre,1321,2017-07-23,753,Premium modern-musical benchmark with broad cultural reach.,"['broadway', 'musical', 'crossover']",English,163.57,282.01,849.0,False,True,True,3040,3.0879,1.0178,10756,49,False,Imported from weekly Broadway gross worksheet.,Final presentation/Data Collection & Visualization.xlsx,Broadway Revenue,False
comp_107,Hamilton Broadway Weekly Gross (2017-07-30),broadway,New York,Richard Rodgers Theatre,1321,2017-07-30,760,Premium modern-musical benchmark with broad cultural reach.,"['broadway', 'musical', 'crossover']",English,162.85,280.78,849.0,False,True,True,3160,3.0742,1.0177,10755,52,False,Imported from weekly Broadway gross worksheet.,Final presentation/Data Collection & Visualization.xlsx,Broadway Revenue,False
comp_108,Hamilton Broadway Weekly Gross (2017-08-06),broadway,New York,Richard Rodgers Theatre,1321,2017-08-06,767,Premium modern-musical benchmark with broad cultural reach.,"['broadway', 'musical', 'crossover']",English,164.3,283.28,849.0,False,True,True,3280,3.101,1.0175,10753,28,False,Imported from weekly Broadway gross worksheet.,Final presentation/Data Collection & Visualization.xlsx,Broadway Revenue,False
comp_109,Hamilton Broadway Weekly Gross (2017-08-13),broadway,New York,Richard Rodgers Theatre,1321,2017-08-13,774,Premium modern-musical benchmark with broad cultural reach.,"['broadway', 'musical', 'crossover']",English,163.94,282.65,849.0,False,True,True,3400,3.0952,1.0179,10757,31,False,Imported from weekly Broadway gross worksheet.,Final presentation/Data Collection & Visualization.xlsx,Broadway Revenue,False
comp_110,Hamilton Broadway Weekly Gross (2017-08-20),broadway,New York,Richard Rodgers Theatre,1321,2017-08-20,781,Premium modern-musical benchmark with broad cultural reach.,"['broadway', 'musical', 'crossover']",English,160.17,276.16,849.0,False,True,True,3520,3.023,1.0175,10753,34,True,Imported from weekly Broadway gross worksheet.,Final presentation/Data Collection & Visualization.xlsx,Broadway Revenue,False
comp_111,Hamilton Broadway Weekly Gross (2017-08-27),broadway,New York,Richard Rodgers Theatre,1321,2017-08-27,788,Premium modern-musical benchmark with broad cultural reach.,"['broadway', 'musical', 'crossover']",English,159.8,275.52,849.0,False,True,True,3640,3.0174,1.018,10758,37,False,Imported from weekly Broadway gross worksheet.,Final presentation/Data Collection & Visualization.xlsx,Broadway Revenue,False
comp_112,Hamilton Broadway Weekly Gross (2017-09-03),broadway,New York,Richard Rodgers Theatre,1321,2017-09-03,795,Premium modern-musical benchmark with broad cultural reach.,"['broadway', 'musical', 'crossover']",English,161.11,277.78,849.0,False,True,True,3760,3.041,1.0176,10754,40,False,Imported from weekly Broadway gross worksheet.,Final presentation/Data Collection & Visualization.xlsx,Broadway Revenue,False
comp_113,Hamilton Broadway Weekly Gross (2017-09-10),broadway,New York,Richard Rodgers Theatre,1321,2017-09-10,802,Premium modern-musical benchmark with broad cultural reach.,"['broadway', 'musical', 'crossover']",English,159.33,274.7,849.0,False,True,True,3880,3.007,1.0175,10753,43,False,Imported from weekly Broadway gross worksheet.,Final presentation/Data Collection & Visualization.xlsx,Broadway Revenue,False
comp_114,Hamilton Broadway Weekly Gross (2017-09-17),broadway,New York,Richard Rodgers Theatre,1321,2017-09-17,809,Premium modern-musical benchmark with broad cultural reach.,"['broadway', 'musical', 'crossover']",English,158.18,272.72,849.0,False,True,True,4000,2.9853,1.0175,10753,46,False,Imported from weekly Broadway gross worksheet.,Final presentation/Data Collection & Visualization.xlsx,Broadway Revenue,False
comp_115,Hamilton Broadway Weekly Gross (2017-09-24),broadway,New York,Richard Rodgers Theatre,1321,2017-09-24,816,Premium modern-musical benchmark with broad cultural reach.,"['broadway', 'musical', 'crossover']",English,158.1,272.59,849.0,False,True,True,4120,2.9856,1.0181,10759,49,True,Imported from weekly Broadway gross worksheet.,Final presentation/Data Collection & Visualization.xlsx,Broadway Revenue,False
comp_116,Hamilton Broadway Weekly Gross (2017-10-01),broadway,New York,Richard Rodgers Theatre,1321,2017-10-01,823,Premium modern-musical benchmark with broad cultural reach.,"['broadway', 'musical', 'crossover']",English,158.65,273.54,849.0,False,True,True,4240,2.9946,1.0176,10754,52,False,Imported from weekly Broadway gross worksheet.,Final presentation/Data Collection & Visualization.xlsx,Broadway Revenue,False
comp_117,Hamilton Broadway Weekly Gross (2017-10-08),broadway,New York,Richard Rodgers Theatre,1321,2017-10-08,830,Premium modern-musical benchmark with broad cultural reach.,"['broadway', 'musical', 'crossover']",English,157.9,272.24,849.0,False,True,True,2800,2.9812,1.0179,10757,28,False,Imported from weekly Broadway gross worksheet.,Final presentation/Data Collection & Visualization.xlsx,Broadway Revenue,False
comp_118,Hamilton Broadway Weekly Gross (2017-10-15),broadway,New York,Richard Rodgers Theatre,1321,2017-10-15,837,Premium modern-musical benchmark with broad cultural reach.,"['broadway', 'musical', 'crossover']",English,158.08,272.55,849.0,False,True,True,2920,2.9835,1.0175,10753,31,False,Imported from weekly Broadway gross worksheet.,Final presentation/Data Collection & Visualization.xlsx,Broadway Revenue,False
comp_119,Hamilton Broadway Weekly Gross (2017-10-22),broadway,New York,Richard Rodgers Theatre,1321,2017-10-22,844,Premium modern-musical benchmark with broad cultural reach.,"['broadway', 'musical', 'crossover']",English,157.3,271.2,849.0,False,True,True,3040,2.9698,1.0179,10757,34,False,Imported from weekly Broadway gross worksheet.,Final presentation/Data Collection & Visualization.xlsx,Broadway Revenue,False
comp_120,Hamilton Broadway Weekly Gross (2017-10-29),broadway,New York,Richard Rodgers Theatre,1321,2017-10-29,851,Premium modern-musical benchmark with broad cultural reach.,"['broadway', 'musical', 'crossover']",English,143.99,248.26,849.0,False,True,True,3160,2.7077,1.0158,10735,37,True,Imported from weekly Broadway gross worksheet.,Final presentation/Data Collection & Visualization.xlsx,Broadway Revenue,False
comp_121,Hamilton Broadway Weekly Gross (2017-11-05),broadway,New York,Richard Rodgers Theatre,1321,2017-11-05,858,Premium modern-musical benchmark with broad cultural reach.,"['broadway', 'musical', 'crossover']",English,157.99,272.39,849.0,False,True,True,3280,2.982,1.0176,10754,40,False,Imported from weekly Broadway gross worksheet.,Final presentation/Data Collection & Visualization.xlsx,Broadway Revenue,False
comp_122,Sleep No More,immersive,New York,Immersive Benchmark Venue,350,2025-11-01,75,Immersive benchmark for premium narrative evening experiences.,"['immersive', 'theatre', 'experience']",English,107.25,165.0,222.75,True,True,True,2750,415.8,1.0,6300,24,True,Benchmark modeled from near-full occupancy table.,Final presentation/B1.xlsx,Sheet1,False
comp_123,Life and Trust,immersive,New York,Immersive Benchmark Venue,180,2025-11-01,75,Immersive benchmark for premium narrative evening experiences.,"['immersive', 'theatre', 'experience']",English,133.25,205.0,276.75,True,True,True,2300,177.12,1.0,2160,22,True,Benchmark modeled from near-full occupancy table.,Final presentation/B1.xlsx,Sheet1,False
comp_124,Masquerade,immersive,New York,Immersive Benchmark Venue,55,2025-11-01,75,Immersive benchmark for premium narrative evening experiences.,"['immersive', 'theatre', 'experience']",English,152.75,235.0,317.25,True,True,True,5000,248.64,1.0,2640,34,True,Benchmark modeled from near-full occupancy table.,Final presentation/B1.xlsx,Sheet1,False
